Recency,Frequency,Monetary
325,1,0.0
1,7,4310.0
74,4,1437.24
18,1,1457.55
309,1,294.4
35,7,1265.41
203,1,89.0
231,1,1079.4
213,1,459.4
22,3,2487.43
1,2,928.0600000000001
51,3,2302.06
286,1,174.9
2,10,4665.58
109,2,552.0
7,4,1208.1
290,1,320.69
3,1,150.9
50,4,3421.94
59,1,1527.96
71,3,1196.04
310,1,324.6
24,1,622.93
10,2,375.42
314,2,1548.12
129,1,4008.62
81,2,775.29
21,4,2423.56
4,3,1433.46
184,5,1617.31
28,2,406.16
337,2,401.9
15,6,2780.66
79,1,504.84000000000003
21,1,439.66
71,4,1582.6000000000001
63,2,1080.48
18,12,2662.28
35,2,2214.9
45,1,1435.66
118,4,1033.65
302,1,69.3
322,1,195.6
49,1,391.7
148,1,1390.39
21,2,3280.75
49,5,1507.1200000000001
32,5,2587.7
308,2,521.08
74,3,1142.88
66,3,676.15
216,3,442.41
2,9,3155.8
112,1,668.58
63,1,600.39
15,4,639.04
95,3,683.5600000000001
0,8,1624.11
162,2,1760.96
77,1,777.2
194,1,510.73
21,3,582.37
8,4,3388.4
42,1,216.4
42,4,4359.32
84,2,792.94
99,1,429.01000000000005
13,2,2466.85
366,1,155.55
2,1,144.06
20,5,4085.46
21,1,77.4
57,1,1002.3100000000001
242,1,431.49
43,1,365.45
21,4,3596.29
155,2,197.88
16,1,348.57
133,1,707.09
55,1,0.0
72,5,2339.86
43,3,2553.89
65,6,1597.78
70,2,787.4
154,1,626.88
18,2,872.01
52,4,1175.58
9,8,957.05
16,2,673.89
187,2,652.04
53,3,2545.27
53,1,669.38
15,11,5657.85
3,1,545.99
10,1,428.3
27,4,2885.63
22,10,4998.36
16,8,1881.63
34,4,3892.87
9,3,1244.66
335,1,298.93
4,10,4859.93
38,1,424.40000000000003
62,2,227.21
165,2,362.79
15,7,1000.3000000000001
81,1,953.1
20,3,349.70000000000005
22,11,4026.27
336,1,1945.68
95,5,2995.87
17,2,92.65
232,1,73.5
133,3,1011.56
25,2,397.88
283,1,158.5
142,2,814.5699999999999
65,2,132.18
112,1,532.79
266,1,1017.68
352,1,278.7
77,2,1186.06
27,4,2263.65
0,5,1840.89
63,1,276.84
78,5,2294.51
142,1,545.68
38,2,156.72
18,11,1655.57
8,8,3945.72
0,3,1172.66
81,3,330.71000000000004
8,6,1634.28
59,4,1461.63
14,1,125.22
29,1,313.83000000000004
130,1,981.18
91,2,716.35
58,1,4151.26
28,1,363.95
21,4,5568.35
29,3,841.18
35,1,299.7
74,2,832.39
46,2,1001.5
197,2,151.79999999999998
165,1,67.19999999999999
78,1,824.83
357,1,168.0
39,1,317.82
7,10,3238.25
49,2,599.56
7,1,0.0
310,2,500.21000000000004
4,2,1894.31
302,1,238.85
7,7,3385.7400000000002
260,1,402.9
288,1,131.17
85,1,292.7
39,2,519.61
8,2,896.72
226,1,160.54000000000002
315,1,182.45000000000002
35,5,1306.98
34,3,560.25
20,2,2380.26
77,1,374.72
246,1,379.7
39,1,179.71
238,2,351.36
3,9,1834.75
233,2,1768.51
16,1,196.94000000000003
7,1,104.0
38,1,174.89999999999998
28,2,574.68
316,1,368.85
91,2,401.6
108,3,382.09999999999997
37,9,3208.2200000000003
50,2,450.27
18,4,3067.13
9,7,2786.68
28,7,888.58
28,10,2311.04
189,5,479.56
58,1,153.12
21,1,613.1999999999999
78,2,236.18
59,1,0.0
77,3,964.85
22,4,1705.99
51,1,1193.32
73,1,607.59
56,4,2966.98
277,1,315.6
1,4,2093.19
94,2,585.25
28,1,352.98
21,1,137.31
15,8,2908.81
14,3,1303.41
231,1,162.1
275,1,269.1
105,2,569.13
211,2,2367.42
10,6,4082.53
3,3,715.61
9,2,1030.88
56,1,480.5
58,4,1906.63
89,2,1509.18
32,1,511.69
238,1,366.1
23,3,994.58
114,1,145.9
24,3,905.26
127,6,3041.64
129,1,477.91
33,4,1611.38
4,2,1346.97
21,12,3095.92
154,1,300.05
106,3,569.51
2,1,242.44000000000003
334,1,114.0
330,1,788.53
148,2,2209.85
10,5,529.98
16,5,3590.57
10,4,1008.0600000000001
18,1,632.05
29,1,73.68
10,1,227.1
0,11,3511.08
7,9,4391.88
324,1,45.0
57,1,460.13
11,4,3113.18
150,2,1427.73
9,5,2734.15
329,1,225.89999999999998
4,2,574.52
38,4,1799.31
24,6,1091.39
58,4,912.71
0,4,790.81
7,6,2073.63
27,6,2575.08
371,1,71.14
113,1,4873.8099999999995
25,2,1139.61
205,1,335.01
27,5,927.8
126,4,686.96
69,2,761.67
6,4,582.1
28,3,739.02
7,4,4525.99
79,2,725.71
19,1,201.0
70,1,256.7
6,8,1740.84
291,1,603.42
29,10,2346.32
96,3,1004.57
28,13,3804.38
0,1,794.55
8,5,4294.86
105,1,263.36
3,2,963.49
150,2,830.98
70,1,202.25
4,2,536.1
31,6,2386.13
84,4,932.98
3,5,707.07
4,4,923.41
370,1,371.8
27,7,2411.1
10,7,3425.7
70,4,728.33
113,1,417.01
179,1,218.26000000000002
233,1,383.95
352,1,110.39999999999999
314,2,689.5699999999999
332,1,144.0
371,1,137.35
98,1,975.54
63,1,427.6
133,2,540.13
1,11,4196.01
3,5,3818.2
128,1,275.88
80,1,4366.78
235,3,3010.74
280,2,2220.75
86,1,112.07999999999998
15,9,4161.75
116,2,2791.59
51,3,1411.44
7,2,1702.52
137,2,494.08
316,1,1693.88
238,1,1143.6
210,1,1351.45
59,1,752.47
16,5,1246.24
19,6,693.23
37,8,3868.7
63,2,729.23
4,5,1881.3200000000002
1,4,1295.87
14,1,476.82
363,1,250.1
9,3,418.66
64,1,76.85
191,1,294.92
373,1,177.60000000000002
256,1,344.53999999999996
334,2,461.48
52,2,860.41
18,1,318.48
365,1,166.18
186,1,382.58
36,3,455.65000000000003
177,1,400.36
261,2,458.85
44,1,229.64000000000001
101,1,85.92
147,2,863.46
95,2,452.20000000000005
280,1,126.03999999999999
261,1,1160.38
2,4,942.34
213,1,92.72
70,2,918.98
74,5,1759.5
59,1,397.12
2,7,1468.1200000000001
5,3,430.15000000000003
2,6,1018.71
336,2,253.05
261,1,215.05
31,2,383.03
144,1,417.38
282,1,312.38
58,4,2610.36
172,1,134.1
33,2,671.95
143,4,2715.92
69,2,1118.99
65,8,1680.76
28,2,325.96000000000004
266,4,354.09
21,1,843.64
30,2,992.65
96,1,131.81
294,1,299.75
134,6,1881.7
78,3,1299.55
372,1,38.1
7,6,2153.53
210,2,1106.4
51,1,521.2
137,1,147.12
25,2,1568.23
282,1,499.12
25,7,3970.47
185,6,1607.0600000000002
83,2,380.64
326,2,599.97
281,1,374.0
142,2,343.2300000000001
57,2,2053.02
3,12,1535.77
235,2,841.64
44,3,555.37
275,1,298.0
8,2,1463.04
24,4,703.47
87,1,309.05
62,3,1158.27
67,2,1351.09
213,2,313.77
23,1,376.71999999999997
185,3,331.0
30,1,176.55
41,2,347.3
204,2,216.5
264,1,138.68
17,2,496.06
11,5,2919.81
175,2,750.0
39,5,2143.68
22,8,3075.04
2,5,1662.3
4,5,2483.63
148,2,363.65
138,4,2923.15
127,1,594.0
7,6,1301.44
16,1,162.78
160,1,405.38
63,1,171.57
87,4,922.36
4,2,694.05
34,5,2062.7000000000003
311,1,102.9
77,2,412.85
23,3,607.53
1,7,2156.45
16,4,1012.9
14,4,1504.27
25,1,114.14
54,2,863.6899999999999
130,3,675.6
35,2,604.51
287,1,462.95
143,6,1407.29
15,7,2053.7
30,8,4143.02
1,3,1843.0
8,6,1050.57
5,4,1382.8400000000001
9,1,329.85
0,11,4737.21
305,1,108.07
9,8,3979.04
6,2,266.39
7,8,1856.63
88,1,769.8100000000001
9,1,160.18
357,2,1204.3
111,1,135.95
6,4,405.47
197,1,144.8
211,1,738.6
155,1,39.239999999999995
29,2,372.21999999999997
242,1,377.2
18,1,97.5
0,2,1215.6200000000001
73,2,545.0
291,1,505.82
30,3,409.5
22,2,503.76
22,4,414.76
3,3,902.22
84,1,200.72
21,4,1197.94
195,3,455.88
106,3,534.85
317,1,120.94999999999999
105,3,149.05
173,2,468.95
55,1,81.57
322,1,229.46999999999997
371,1,50.550000000000004
8,8,1301.72
0,13,4790.74
10,10,3367.0299999999997
52,5,3339.64
72,3,789.89
6,1,204.0
3,9,2611.4300000000003
63,2,599.9
0,5,958.77
22,2,659.68
30,3,1247.5
10,2,752.4399999999999
51,2,996.52
356,1,190.55
54,2,642.77
73,2,887.13
137,3,881.07
79,3,908.46
8,2,676.99
272,1,471.57
290,1,560.47
98,1,305.28000000000003
30,2,629.31
56,9,3095.8
13,4,1789.41
63,2,656.6800000000001
211,1,348.15000000000003
77,3,1201.96
24,3,271.40000000000003
249,1,183.4
253,1,307.53
71,1,248.61
190,1,346.98
12,4,1105.59
372,1,205.86
23,2,430.90000000000003
81,1,115.46000000000001
9,2,344.0
191,1,228.8
266,1,177.15
129,1,919.61
0,4,728.02
3,5,220.10000000000002
178,1,58.08
125,9,3595.48
3,2,303.75
157,2,272.38
27,1,319.82
70,5,459.83
20,12,1718.4
70,1,74.39999999999999
98,1,207.35999999999999
233,1,101.19
39,1,243.94
2,6,1098.48
132,1,59.5
43,4,1524.07
372,1,350.06
59,2,769.79
30,7,1456.8700000000001
11,4,2225.18
137,1,485.19
21,8,984.91
19,5,1138.41
238,1,30.599999999999998
268,1,254.73
93,2,922.39
89,3,3756.33
4,8,2056.29
77,1,259.17
93,1,64.0
22,3,1039.3
261,1,77.3
273,2,109.8
85,4,1740.63
196,1,3096.0
55,5,2567.13
10,8,3603.29
21,6,962.39
15,7,5055.79
107,3,422.47
84,5,2385.8
18,1,307.09
332,1,110.95
39,4,614.77
25,1,228.91
9,4,712.8000000000001
28,12,3495.87
13,4,1676.06
295,1,1250.3700000000001
5,1,486.22
32,4,971.76
48,4,1721.57
94,4,1201.06
8,4,1371.25
21,1,91.8
312,1,112.75
121,4,1644.99
45,2,1021.48
282,1,414.7
18,4,779.33
35,4,1291.54
63,2,712.88
26,1,108.81
21,3,447.61
3,2,353.65
15,3,2738.82
45,1,481.49
64,1,282.45
44,1,121.18
7,9,3957.78
14,10,1615.45
267,1,71.4
39,3,1554.8400000000001
336,1,236.02
10,1,114.60000000000001
18,2,260.68
94,2,911.94
60,1,112.08
135,1,60.7
10,4,1797.78
9,6,3386.04
18,4,870.09
9,4,869.46
14,2,250.26000000000002
58,5,1193.17
93,1,353.48
9,3,1095.42
19,3,779.33
56,5,1518.43
267,1,333.74
121,3,133.62
126,1,62.63999999999999
77,4,819.2900000000001
239,2,844.86
199,2,163.20000000000002
59,2,2147.85
272,1,108.21000000000001
201,1,257.7
80,1,358.0
225,1,160.95
12,7,1327.75
73,2,605.12
211,1,1031.07
24,2,727.27
16,4,680.83
261,1,329.56
95,4,648.7
111,3,270.40000000000003
202,1,585.12
92,1,121.74000000000001
50,1,430.5
17,6,1896.32
17,4,501.12
124,2,465.68
91,3,711.41
156,2,1030.4
8,2,390.66
11,3,672.83
61,1,283.18
60,1,557.62
268,2,944.1
262,1,200.29
52,5,2092.66
10,12,3763.06
17,10,3113.86
365,1,590.0
36,1,192.77
30,2,276.56
112,1,138.98
63,2,590.9300000000001
15,4,258.4
40,1,542.73
77,1,126.30000000000001
121,3,798.46
17,3,1089.09
59,2,93.66
330,1,196.15
22,4,2709.12
155,1,361.11
38,2,578.9399999999999
189,2,873.74
359,1,201.20000000000002
136,1,87.4
7,4,2089.85
0,1,360.0
267,1,142.5
168,1,365.29
103,4,600.19
154,1,63.75
350,1,300.42
3,10,2000.86
119,1,15.0
22,3,1369.71
6,5,1456.79
27,3,1083.63
3,2,598.57
21,5,1555.32
1,3,593.51
65,6,2140.92
0,3,640.76
77,4,1475.2
71,2,567.36
16,1,199.48000000000002
2,5,787.85
81,1,675.3
38,8,3617.57
315,1,1308.48
31,2,740.4
92,3,1140.93
13,1,350.9
81,3,3502.32
76,1,795.12
157,1,382.82
200,1,860.12
260,1,775.85
177,1,253.93
67,3,2511.69
287,1,327.6
69,1,291.36
63,1,233.76
10,1,197.32
15,2,810.72
65,1,323.94
59,1,339.28
70,1,743.53
121,1,674.7
79,1,768.24
256,1,609.4
268,1,389.03
63,1,381.26
8,4,3085.4900000000002
17,2,892.5
70,1,0.0
33,2,2191.22
49,1,56.160000000000004
256,2,573.4
365,1,213.75
371,1,721.32
89,1,328.64
60,3,3312.25
88,1,772.9
98,3,869.76
25,3,572.56
31,6,3626.81
280,1,222.99
30,7,4122.28
329,1,534.57
130,2,627.15
10,3,797.96
74,1,544.08
203,1,59.8
1,8,2336.3
184,1,307.72
28,2,1325.29
72,5,1539.18
191,1,457.34
126,2,621.23
17,1,75.0
0,2,252.49
203,2,557.45
23,5,988.91
106,1,213.55
133,3,1390.5
43,2,712.5
4,2,640.83
63,1,221.06
149,2,140.35
39,2,1823.21
63,1,2601.55
107,3,1624.21
0,10,3558.32
18,3,582.6
9,1,201.78
10,4,1006.8
18,2,652.07
66,2,1269.1
73,2,534.24
4,7,3794.4900000000002
1,1,196.89
13,7,3408.06
254,1,283.71
91,1,296.64
22,3,1104.81
16,6,3460.9900000000002
23,1,291.88
26,6,2043.7199999999998
25,5,2838.56
258,2,590.0
165,2,356.97999999999996
24,2,1008.35
17,6,1737.8200000000002
28,2,183.44
38,3,1445.0
252,1,143.25
57,1,674.68
183,1,297.95
10,2,1071.91
98,2,165.0
0,4,2501.84
60,2,417.54
235,1,226.84
190,4,1431.78
178,2,1092.77
37,6,1441.53
200,2,291.0
45,5,1781.06
231,1,184.64
65,1,140.34
240,1,313.8
232,1,454.24
77,3,1122.41
57,3,575.4
104,4,449.52
51,10,1215.82
135,3,1269.84
274,2,498.63
311,1,316.26000000000005
7,5,1990.1200000000001
10,2,617.93
282,2,321.05
17,5,1146.96
22,3,1136.77
287,1,1314.82
16,3,292.0
70,1,216.85
63,1,295.93
72,4,3522.88
315,2,452.82
2,4,2479.16
243,1,110.97
8,6,964.72
0,4,1785.16
260,1,251.21
126,1,205.1
73,1,152.20000000000002
72,4,891.12
20,3,1389.41
59,3,2109.07
85,1,627.16
77,1,110.80000000000001
58,6,2967.75
0,3,1070.47
29,1,125.80000000000001
32,5,3757.98
40,5,680.1800000000001
14,2,628.78
33,7,2218.61
78,2,307.76
204,2,483.8
33,1,210.31
182,3,269.09
0,7,3444.39
42,7,1280.85
85,3,631.34
39,2,276.06
11,3,621.09
95,2,678.16
25,7,918.2
318,1,91.80000000000001
65,12,3539.53
73,4,4098.88
27,2,584.06
5,4,594.52
6,1,171.42000000000002
215,1,141.85999999999999
81,3,1799.33
83,2,777.53
353,2,1174.03
18,2,240.22
40,2,856.84
172,1,187.05
16,2,337.12
242,1,239.49
12,12,2088.94
205,1,1384.25
49,2,290.25
22,5,732.0699999999999
24,4,1658.3
14,2,467.04
308,1,118.0
155,1,781.03
306,1,142.4
63,1,347.0
15,9,2449.92
14,2,379.65
10,6,1976.12
64,3,1117.13
35,4,247.95999999999998
107,5,1965.0800000000002
52,1,396.97
5,2,664.11
46,1,147.29
311,1,219.52
44,2,693.32
64,1,428.89
25,1,164.34
28,3,276.75
39,1,675.51
11,7,1065.88
88,3,1140.8
23,4,1585.46
318,1,399.99
39,3,544.18
173,1,177.34
116,1,213.85
30,5,717.79
252,1,257.23
58,5,1624.02
4,7,2003.76
99,11,3021.77
24,5,2114.68
32,5,1547.3600000000001
67,1,1071.03
36,5,941.62
51,3,803.05
15,1,122.64
73,1,1033.34
215,1,312.28
30,3,519.44
15,4,2597.52
119,1,252.1
9,4,1640.22
256,2,346.6
16,6,1805.74
39,1,79.2
45,3,1095.08
42,6,2707.33
113,2,932.97
164,2,379.65
10,2,382.14
9,5,2421.47
205,2,1544.25
85,3,862.71
178,1,189.47
59,3,84.65
148,1,299.05
50,2,218.55
74,1,349.7
300,2,124.26
18,2,387.44
150,2,486.82000000000005
151,1,232.6
0,4,2199.01
17,4,827.83
186,1,59.5
285,1,62.13
2,7,3119.44
182,1,72.0
62,1,910.0
58,1,172.25
24,3,1473.3700000000001
38,1,151.29999999999998
154,1,308.58000000000004
25,10,2248.63
317,1,99.5
4,9,2295.31
7,3,711.86
302,1,330.79
266,2,806.41
270,1,283.33
31,1,180.48
218,2,252.06
246,1,228.84
280,5,1051.99
268,1,138.28
31,6,1432.26
245,2,306.55
14,5,1041.68
116,4,799.9
35,1,524.14
131,3,2369.16
216,1,199.85000000000002
49,8,1882.36
38,2,1079.6599999999999
28,2,333.48
36,6,1016.14
135,2,752.6
218,2,610.59
27,1,491.86
24,4,2802.69
4,2,728.1
199,1,339.59999999999997
17,1,216.9
240,1,350.75
71,3,666.33
16,12,3079.27
2,7,1340.1499999999999
94,2,1080.52
161,1,291.54
373,1,79.6
95,5,948.25
53,5,1647.26
287,1,296.25
123,6,1175.38
287,1,741.26
151,2,282.59999999999997
3,9,2101.39
11,7,3190.55
32,2,659.4100000000001
53,2,286.79
49,2,1070.65
218,1,0.0
62,1,1714.96
70,3,1516.42
1,10,2771.87
63,4,2631.7
33,3,1122.63
81,1,345.0
102,1,178.7
6,2,360.01
250,1,127.84
12,6,908.86
9,11,2462.79
366,1,230.39999999999998
75,2,309.04
3,1,348.8
127,2,1210.08
65,2,195.55
116,2,688.86
309,1,558.32
66,1,324.8
138,3,4179.42
254,1,277.07
30,7,2588.39
51,2,924.6
63,1,256.38
366,1,112.6
5,5,1747.66
304,1,155.05
28,2,827.51
183,2,519.75
41,3,485.0
39,4,1155.41
91,2,1562.12
21,4,3654.91
23,2,485.95
28,2,328.98
301,3,1140.35
144,2,385.64
5,2,632.0
18,2,957.66
32,5,1698.94
175,1,179.55
57,3,409.8
21,1,209.49
15,6,2198.45
18,1,40.949999999999996
158,1,383.85
24,4,834.57
211,2,266.59000000000003
5,4,674.82
252,1,85.0
58,9,3385.62
10,1,361.62
64,1,312.98
24,3,853.46
91,3,1255.0
51,2,1537.95
128,1,1586.81
95,3,2651.46
56,1,1056.94
168,3,367.15
56,1,216.17
325,1,201.16
0,5,1240.0
17,8,2187.31
247,1,299.56
57,4,501.56
73,1,145.67000000000002
30,3,1005.09
6,2,3192.54
122,4,3083.65
1,8,2751.25
119,3,381.7
357,1,540.45
53,5,1786.79
63,1,122.7
85,1,117.24
54,1,1271.57
20,13,3219.77
2,5,1131.28
10,5,2572.85
6,5,781.3000000000001
188,2,506.8
70,1,243.56
203,1,349.55
119,2,595.67
92,1,416.90000000000003
0,10,1860.8600000000001
26,4,632.97
297,1,821.1
23,3,537.11
27,4,2588.12
49,1,311.16
325,1,155.93
15,2,388.52
182,3,740.95
71,5,2867.2
36,2,332.64
79,4,2297.05
56,9,2580.91
11,2,613.95
49,2,272.04
49,2,1212.8400000000001
58,2,314.15999999999997
351,1,172.25
53,1,351.13
1,6,1696.58
92,4,616.65
22,1,223.85000000000002
74,1,348.99
10,4,464.57
168,2,802.8499999999999
57,2,337.34
95,2,1230.93
294,1,307.4
108,2,608.7900000000001
263,1,922.1
179,1,361.28
168,1,158.85
34,1,71.66
22,3,556.75
16,4,839.14
21,5,4912.41
78,3,561.5699999999999
64,1,90.6
360,1,102.0
2,6,2427.32
10,4,728.56
175,3,674.45
217,2,3246.09
6,7,3515.68
1,2,378.59
153,2,322.96
4,5,1019.27
78,3,594.04
20,2,230.22
21,2,169.55
307,4,664.54
145,1,80.7
18,8,2702.2200000000003
70,2,190.25
286,1,264.7
48,1,413.59000000000003
30,6,2438.19
206,1,357.98
14,2,196.79000000000002
72,1,869.87
59,1,200.14
38,4,1861.31
29,12,2600.88
26,5,488.03
16,1,320.46
19,6,4098.8
65,2,1266.08
212,1,311.3
11,6,846.54
29,1,76.8
42,9,3411.76
3,6,2274.14
14,5,1383.49
9,12,3867.6600000000003
210,1,633.71
45,3,2043.0800000000002
133,2,529.73
42,7,4582.64
9,5,2874.72
115,3,962.19
197,2,685.9300000000001
277,1,328.8
109,3,473.02
76,1,505.18
52,1,917.34
161,4,4278.46
46,3,1398.96
16,2,642.8
154,3,631.9
224,1,440.0
6,2,584.07
121,2,327.7
60,1,104.82
62,2,467.66
17,8,2358.84
1,11,2929.84
21,3,509.09
28,5,1428.02
284,1,626.65
175,2,147.20000000000002
77,3,1554.48
32,1,152.2
40,12,3491.64
265,1,141.41
26,4,646.42
108,4,1659.75
283,1,151.59
8,5,1299.31
304,1,386.33
16,4,5552.07
31,2,746.36
19,1,225.36
123,2,260.25
64,1,92.46
105,1,725.6400000000001
266,1,183.6
28,5,1172.46
266,1,152.55
63,2,374.7
319,1,265.85
3,8,1291.34
31,1,139.54
4,3,942.26
128,1,118.67
40,5,499.41999999999996
101,6,1049.37
124,1,375.1
32,1,45.599999999999994
301,2,891.77
364,1,182.25
3,9,1002.9
2,1,191.47
56,1,158.75
324,1,76.32000000000001
11,1,433.86
36,1,147.35
15,11,3092.9700000000003
137,1,191.95000000000002
4,5,1060.33
154,2,216.20999999999998
238,1,1260.33
51,7,2688.48
30,2,594.16
72,1,80.2
13,4,688.6
22,7,2774.17
3,4,1504.77
273,2,386.53
19,5,1382.74
143,1,90.0
3,4,2740.3
83,1,419.58000000000004
10,3,2720.63
7,3,643.6300000000001
122,3,709.71
60,2,637.5
1,5,1123.8600000000001
318,1,480.91
1,11,3580.13
129,3,592.89
1,2,965.8800000000001
45,1,415.82
3,2,920.05
2,4,880.2800000000001
372,1,311.81
133,1,115.8
46,4,3148.2
8,5,2949.57
77,2,468.4
233,1,157.2
220,1,259.43
35,2,658.64
74,2,611.09
238,2,1345.62
265,1,118.75
19,2,392.44
39,1,507.66
19,11,4613.2699999999995
215,3,1097.6200000000001
173,2,289.36
86,4,2445.91
70,2,1631.77
275,1,120.44
38,4,562.59
97,1,363.79
10,4,450.84
32,1,134.46
59,3,3108.06
296,4,574.0
85,4,544.01
8,7,1580.26
40,2,701.57
66,1,452.89
330,1,197.65
30,6,2021.41
1,13,4662.96
67,2,853.39
201,2,962.7
106,1,335.52
17,4,663.5
217,1,185.39999999999998
59,7,717.74
1,1,150.61
16,2,466.7
238,1,328.15999999999997
94,1,151.74
10,6,2067.13
105,6,1900.89
52,9,2208.3
89,1,1070.48
30,5,1001.48
11,6,1777.92
2,4,1839.3
42,1,169.48000000000002
3,1,89.94
246,2,632.4
41,9,3427.85
176,1,683.17
91,3,975.23
109,4,1009.73
28,5,2184.64
25,10,3315.71
51,3,1450.6
183,3,822.0600000000001
42,5,2043.93
48,4,1447.51
21,4,754.12
74,5,3093.86
80,2,490.86
372,1,161.0
325,1,146.85
42,11,2323.5
29,2,890.34
183,1,213.70000000000002
234,2,280.55
8,10,2535.88
219,2,1677.48
110,3,1474.06
277,1,136.76999999999998
317,1,302.58
6,3,1904.05
1,5,2879.7000000000003
259,2,935.0600000000001
63,5,3099.7200000000003
141,1,120.0
50,2,1163.45
7,8,2618.23
154,2,333.97
108,2,530.18
162,3,1279.09
331,1,492.65000000000003
225,1,112.32
73,2,437.96
50,4,559.97
98,3,1019.39
14,3,3892.8
196,1,134.04
30,2,578.45
20,4,1910.01
23,3,4595.81
7,3,156.23000000000002
212,1,413.85
8,6,911.26
10,5,2311.7000000000003
1,11,3873.3
7,9,4839.1900000000005
2,4,1046.56
39,1,166.20000000000002
17,4,1290.48
7,9,3195.81
18,1,43.2
116,1,632.04
222,1,383.45
70,3,1803.76
50,2,2083.42
88,6,2995.72
7,9,2333.98
242,1,229.71
46,6,1611.59
106,1,120.0
44,6,2456.98
64,1,508.58000000000004
206,2,343.11
10,5,1530.75
114,2,574.26
241,1,166.85
162,1,311.65
16,7,4889.14
123,2,462.65999999999997
22,3,840.21
67,1,351.45
16,8,2539.46
15,2,454.86
16,4,1614.91
160,2,554.22
242,1,294.56
218,1,134.7
44,8,2151.08
20,4,628.66
126,8,889.9300000000001
38,1,108.97999999999999
120,2,1021.58
259,1,409.57
9,1,133.5
273,1,262.1
164,1,51.0
156,4,1078.96
214,1,90.6
5,2,163.62
365,1,174.4
79,2,682.24
42,1,225.12
18,3,882.58
31,4,2118.03
21,1,151.5
108,8,3717.35
319,1,155.0
294,1,100.5
357,1,76.55
184,1,235.56
190,2,617.05
43,2,348.1
51,1,202.68
25,1,615.49
37,3,1247.69
8,3,202.11
296,1,142.4
32,3,1727.6
9,8,3172.04
64,2,1012.26
9,9,4588.17
217,1,67.95
1,9,3444.11
64,2,487.99
148,1,559.7
3,13,4039.98
129,4,1426.31
33,6,1409.72
118,1,156.75
106,5,2098.08
10,7,2599.03
70,6,1926.25
91,9,877.28
310,1,1063.0
42,2,761.3299999999999
361,1,121.05
91,7,1485.1299999999999
21,2,490.22
3,3,1937.25
10,6,1051.79
98,1,385.87
56,2,813.11
0,6,4263.64
217,1,265.2
17,1,322.08
23,10,3957.55
49,2,363.34000000000003
6,5,1209.3700000000001
302,1,423.26
9,6,2248.5
21,6,1372.8
98,1,89.06
365,1,63.0
305,1,131.9
319,1,2661.24
7,5,2357.6800000000003
0,4,1670.8400000000001
204,2,1548.87
53,4,1416.45
0,4,1005.55
18,5,1163.23
8,2,375.35
18,4,885.8
180,3,483.25
59,2,643.9
10,2,259.05
189,1,119.93
4,9,3000.8
310,1,113.64
154,1,1837.92
109,3,434.34
147,3,2102.67
65,11,1947.52
97,3,529.62
246,3,1038.44
28,7,2272.4
17,4,596.26
11,2,461.19
103,8,1852.67
73,2,234.34000000000003
45,1,537.71
71,3,809.77
256,1,193.0
19,4,1307.81
253,2,316.25
10,1,279.05
164,2,636.51
17,6,2022.81
281,1,137.1
49,1,321.92
38,1,162.8
26,6,1165.48
67,1,1048.33
206,1,463.38
174,2,340.93
6,5,2362.84
25,1,139.56
50,2,123.8
311,2,538.8100000000001
308,1,457.47
42,5,1957.32
25,3,808.44
87,3,356.85
183,2,198.71
19,11,2309.69
2,6,3543.26
46,4,673.26
16,5,1960.65
23,6,1352.88
21,2,268.05
10,5,1267.4099999999999
187,2,275.28
100,3,438.49
60,3,990.2
17,6,2076.89
32,2,330.45
63,1,174.37
1,2,270.6
23,4,974.54
107,1,241.09
31,9,1843.83
19,9,4150.07
36,1,364.21999999999997
59,3,578.61
25,6,2862.11
235,4,932.85
24,7,1812.6200000000001
59,3,2831.7400000000002
259,1,170.95
57,1,355.56
64,2,388.25
15,2,537.48
9,3,952.66
58,8,1453.35
185,1,103.25
23,2,2004.3
4,5,2528.68
3,8,3953.9500000000003
150,2,652.8
310,1,289.24
10,2,757.37
17,2,186.23
151,1,164.22
18,5,859.27
9,4,2279.4900000000002
56,2,312.54
84,1,0.0
75,3,1080.76
95,4,2923.77
110,1,1432.0
56,2,1524.46
0,1,227.39
280,2,217.21
2,7,2790.34
179,9,1590.12
371,1,35.400000000000006
12,4,859.71
2,1,168.63
16,1,138.6
40,1,114.11
5,5,986.96
168,4,969.26
49,1,157.05
276,1,134.16
18,9,1577.39
371,1,39.75
14,4,1320.21
34,3,557.94
21,3,617.15
6,2,363.33
19,6,1740.6
10,2,866.24
43,1,221.97
305,1,393.33000000000004
10,1,213.96
274,1,660.0
3,4,1785.15
71,4,601.56
242,3,406.08000000000004
8,3,553.44
245,1,379.51
205,2,393.28000000000003
0,5,1765.76
184,1,320.58000000000004
31,5,862.12
56,2,225.85
195,2,892.88
23,4,2757.07
90,2,671.96
3,2,935.46
50,3,1006.98
262,1,114.56
265,1,344.90000000000003
35,2,609.85
50,1,443.6
51,6,2952.34
23,6,2024.45
21,1,110.46
58,1,96.12
169,2,668.61
67,2,813.3100000000001
156,2,597.09
200,1,236.04000000000002
4,4,1402.59
66,2,653.75
76,1,114.18
0,7,1916.7
7,4,1930.15
168,2,291.05
17,4,838.27
4,2,247.15
8,9,2486.28
86,2,285.74
26,1,107.95
28,4,741.37
19,2,636.24
60,5,1258.38
23,1,179.95
241,3,1259.24
279,2,392.86
234,2,765.55
2,5,1736.4
15,1,596.36
30,6,2544.85
70,3,498.95
187,2,52.0
25,5,1201.51
106,1,628.38
208,1,112.8
43,2,355.05
30,5,2114.33
136,4,582.05
264,1,172.9
3,7,2072.67
217,2,188.60999999999999
1,5,1217.27
213,1,109.13000000000001
31,3,2195.1
10,9,2502.2400000000002
14,1,318.17
19,7,1461.6200000000001
198,1,179.0
2,3,1096.6699999999998
14,13,4911.14
13,4,599.48
9,11,2809.02
28,3,917.07
8,11,2660.1
23,1,160.19
24,4,867.38
42,2,307.51
1,5,1571.89
5,3,663.81
146,1,180.42000000000002
9,6,1120.66
24,1,655.58
273,1,268.58
373,1,313.49
0,8,1897.57
46,3,380.02
7,8,2686.34
3,3,1164.55
42,7,1289.94
3,7,3899.1
196,3,1423.21
11,6,1400.34
15,7,1088.53
112,5,1167.16
248,1,294.3
28,5,1415.75
43,1,389.64
86,1,563.15
44,2,638.05
9,11,4965.38
14,1,738.96
74,1,420.5
144,4,1484.06
4,3,1625.97
296,1,53.8
58,2,255.9
263,1,300.52
46,1,250.55
28,3,254.11
7,6,2473.37
16,2,139.5
231,2,876.42
111,1,139.26
57,3,1011.9
50,11,2195.58
126,2,730.86
280,3,386.15
54,2,447.68
319,1,200.10000000000002
25,2,289.99
9,2,77.4
6,2,679.4399999999999
28,1,197.64
16,4,745.06
63,1,6.2
20,1,214.14
2,7,1276.11
165,1,131.45000000000002
52,3,173.74
50,1,157.7
47,12,4240.14
60,1,189.34
161,3,845.55
8,1,353.27
14,4,546.4
74,1,193.39000000000001
39,8,2507.95
40,11,2085.33
369,2,152.88
36,2,778.5
196,1,271.85
199,2,1010.34
73,3,657.8
63,2,272.07
20,4,507.29
366,1,48.800000000000004
179,3,321.43
9,4,1127.71
3,12,2221.01
196,3,2139.76
28,4,659.65
52,1,188.03
17,6,1698.35
9,3,102.44999999999999
89,4,1641.2
267,1,62.85
52,6,3295.76
43,4,2456.8
63,4,3189.81
148,1,309.4
311,1,325.75
22,2,511.35
57,6,2836.69
23,2,464.85
77,7,2730.09
118,2,645.65
35,3,1290.53
59,2,1165.65
12,4,1352.04
18,1,168.62
51,1,125.79
25,2,841.1999999999999
28,1,266.76
6,2,52.2
185,3,710.28
2,8,2939.64
8,2,717.7
261,1,327.25
2,4,501.28000000000003
209,1,519.68
107,2,1457.67
12,9,1476.09
76,3,690.59
19,1,255.4
26,2,589.7
18,6,756.64
131,1,765.3199999999999
252,1,364.8
78,1,1862.0
206,1,369.2
335,1,135.9
253,1,125.65
147,2,554.38
9,2,1237.8500000000001
84,1,655.75
204,2,468.77000000000004
7,4,1366.38
22,6,1217.96
10,9,1414.99
25,1,314.11
20,5,2759.28
1,2,1025.44
157,2,599.9
2,7,3478.85
73,1,277.8
2,4,397.36
16,2,867.85
35,4,1227.43
90,2,258.83
70,4,1264.84
115,2,1610.15
212,2,977.77
29,2,1316.07
50,1,749.1
245,1,310.05
31,1,223.88
108,3,2362.96
4,4,864.6800000000001
365,1,313.53
81,2,1888.84
296,1,1784.71
56,3,1617.63
13,1,100.9
71,2,290.82
22,6,1066.57
18,1,361.25
78,1,311.69
24,1,285.67
11,1,294.85
252,1,58.49
146,3,483.72999999999996
63,4,684.97
7,2,221.27
270,1,126.7
9,5,1472.34
246,1,206.21
95,2,596.09
14,1,183.02
49,1,463.8
29,1,147.59
67,4,1592.06
34,3,1097.98
127,1,114.77
106,3,1314.45
36,1,89.94
56,1,279.94
56,6,749.86
71,5,1921.3700000000001
245,1,102.12
18,2,202.37
197,2,292.01
15,2,326.4
211,1,334.54
38,2,231.98000000000002
45,3,540.98
169,2,414.87
47,1,490.52
115,4,1641.76
146,1,1220.38
50,1,475.43
158,1,156.91
11,3,1259.43
35,1,308.94
53,2,405.04
42,2,257.67
172,1,170.04
33,1,125.58
38,3,456.26
266,1,252.81
8,9,1848.53
11,4,852.39
9,10,1636.43
32,1,361.96
79,3,464.2
30,4,1051.95
7,4,627.13
71,2,518.28
3,4,653.19
255,3,4464.1
4,10,2526.23
15,8,4243.21
89,1,252.73000000000002
71,3,429.56
58,6,668.34
169,1,179.93
198,1,135.93
30,1,537.0
151,2,633.66
269,1,343.62
64,4,377.52
273,1,121.17000000000002
24,3,1682.77
22,3,1383.3600000000001
318,1,207.73000000000002
4,3,693.95
11,2,302.1
274,2,1489.5
24,11,2102.54
40,9,1332.77
7,4,293.0
70,4,987.86
212,1,370.79999999999995
37,4,3135.98
52,1,760.59
77,3,1744.76
45,2,553.36
178,1,1109.53
372,1,106.2
93,2,982.07
9,3,612.43
104,1,735.67
77,1,773.03
172,1,880.85
212,4,895.61
21,5,487.35
256,1,88.2
281,1,306.94
20,2,1140.27
9,6,2420.84
307,1,381.32
67,1,476.96
214,2,457.81
17,6,4589.29
103,4,1364.7
42,1,219.39000000000001
3,1,248.08
181,3,946.5
83,1,410.48
333,3,635.1
8,2,310.75
30,2,703.36
196,2,968.64
17,7,2298.93
17,5,1407.73
310,6,260.0
141,3,1150.75
245,1,463.75
23,4,973.2
28,3,1567.48
9,3,3339.12
29,10,2760.56
17,1,340.11
17,4,1352.75
14,5,1551.78
133,1,244.8
245,1,266.4
133,1,343.82
49,2,457.72
113,3,1612.13
6,2,2199.31
22,2,184.19
65,1,406.53
59,4,1431.75
49,11,3447.4
169,1,330.11
17,5,977.9300000000001
127,3,982.42
14,8,1387.99
238,1,127.15
2,4,1282.95
239,2,178.96
51,7,2350.0
45,1,498.74
225,1,259.45
3,4,1194.73
164,2,1313.66
239,1,608.65
10,1,301.29
133,1,520.8000000000001
16,10,5280.83
9,13,4684.24
30,1,329.25
74,1,224.73
0,3,961.49
3,3,1879.84
44,1,401.40000000000003
356,1,158.16
17,2,304.47
68,3,824.58
372,1,487.75
320,1,158.8
25,1,106.56
330,1,1034.5
8,5,1624.05
322,1,135.75
71,1,224.14
259,1,40.5
17,5,2202.7
366,1,87.5
65,3,689.4799999999999
153,2,622.85
28,2,402.2
69,1,310.62
13,2,411.41
119,3,1044.32
60,1,499.32
2,1,3861.0
10,3,656.4399999999999
91,2,193.64
58,4,1268.7
86,5,983.9200000000001
25,6,1827.8
356,1,316.58
84,2,653.24
9,4,420.29999999999995
0,5,867.62
224,1,331.18
59,2,894.4100000000001
240,1,88.94999999999999
318,2,325.05
1,8,1661.44
46,3,656.79
87,1,96.6
175,1,305.75
51,6,1758.92
365,1,403.25
318,1,585.0
225,2,454.90000000000003
357,2,322.08
233,1,409.40000000000003
310,1,154.41
36,5,1219.4
65,4,3376.96
238,2,429.6
112,2,612.06
276,1,197.0
217,12,2247.51
298,1,321.05
1,4,1412.32
28,3,1056.54
9,2,764.34
44,5,1691.02
66,8,1738.59
73,1,316.68
64,2,631.57
133,3,2515.84
237,2,514.15
121,1,356.0
35,2,740.78
15,5,915.3
126,1,300.36
66,1,890.85
148,1,98.45
282,1,152.14999999999998
168,2,623.16
99,7,1780.77
134,1,254.82
323,1,178.95000000000002
106,1,156.51
63,1,393.74
150,2,1506.1200000000001
337,1,119.3
21,5,1717.36
23,1,408.8
15,7,2292.49
56,2,721.94
3,2,716.57
37,1,609.19
65,1,128.63
46,1,255.89999999999998
354,1,290.51
171,1,113.12
58,9,2245.05
49,1,240.55
21,2,485.24
42,5,2306.52
28,3,935.1
200,1,178.39
50,6,3610.31
9,3,635.04
1,12,4764.1
66,6,3904.8100000000004
63,1,496.44
50,12,5007.72
289,1,574.02
60,8,680.3
63,3,1174.35
95,1,205.3
273,1,302.27
74,4,924.85
109,1,52.0
198,1,327.97
63,2,551.54
326,1,165.0
3,1,312.62
283,1,204.5
43,1,267.13
70,3,2667.48
85,1,612.93
103,1,161.74
333,1,311.71
52,1,208.75
38,3,1023.2
31,2,714.96
365,4,1661.06
207,1,1028.56
156,3,347.87
53,1,170.22
65,2,574.07
80,1,2020.52
129,1,391.76
86,1,364.5
0,3,476.58
45,1,367.69
332,1,252.42000000000002
365,1,201.60000000000002
71,1,158.04
157,2,463.90999999999997
372,1,115.65
11,7,1866.21
254,2,770.12
28,2,277.05
30,10,2718.03
39,1,427.93
361,1,418.92
372,1,318.05
95,2,913.19
25,7,1549.17
74,2,602.51
56,4,1877.59
20,1,446.94000000000005
40,7,2360.55
136,1,2007.3999999999999
7,12,2213.11
128,1,168.0
39,3,1221.56
168,7,3631.8900000000003
8,5,1682.3600000000001
213,2,596.85
169,2,642.41
39,1,316.88
185,1,394.14
269,1,140.54
171,1,500.0
4,4,1515.73
15,2,231.86
9,4,2183.54
325,1,107.45
112,1,288.18
289,1,94.0
15,2,1339.63
0,3,815.77
91,5,666.7
148,2,626.35
188,1,349.1
30,2,432.56
33,4,1046.74
263,1,267.18
83,8,3450.84
25,4,1336.43
170,1,190.53
9,3,774.9000000000001
312,1,559.61
64,4,3974.37
84,1,508.8
24,1,135.86
58,4,950.36
322,2,97.7
37,1,43.5
253,2,383.34
18,5,1394.02
32,3,1430.54
14,1,93.78
26,2,364.9
22,1,171.19
213,2,420.07
7,5,997.48
21,1,149.29
11,3,1067.75
261,1,200.16
130,1,156.57999999999998
54,3,383.68
248,1,594.0
1,7,3189.74
8,2,1411.21
263,1,113.5
330,1,155.17
312,1,494.64
25,3,971.22
29,1,429.84
29,3,528.48
1,7,1371.77
361,1,179.1
282,3,434.59000000000003
261,1,237.07
24,1,161.64
353,1,214.26
93,3,234.6
28,1,126.14
337,1,1044.65
84,1,334.53
8,3,511.88
50,2,439.71000000000004
49,2,504.5
1,1,454.48
112,1,371.56
13,7,1567.2
76,1,454.10999999999996
39,2,1399.92
115,1,905.5
160,4,225.26
0,4,3559.21
29,3,2564.5
92,1,91.32000000000001
22,3,1090.03
94,6,3090.85
27,2,659.4599999999999
32,5,1918.8600000000001
20,2,1280.58
17,2,1259.7
7,4,1131.56
362,1,141.04
80,1,52.83
52,5,3497.14
22,3,972.08
171,1,475.86
188,6,1000.27
330,1,250.0
11,5,900.53
155,2,121.0
11,11,2989.95
44,3,62.43
232,1,267.03
63,8,1900.7
1,1,343.5
39,8,2699.65
32,2,397.99
83,1,412.01000000000005
24,1,440.0
1,3,716.97
32,2,148.44
18,8,2411.68
253,1,229.33
22,11,3932.6
21,4,1497.31
7,2,1972.39
24,4,1517.13
18,3,754.12
172,4,451.9
162,1,110.92
6,1,538.46
10,1,213.3
113,1,85.13000000000001
287,1,127.86
8,9,3542.51
53,2,288.96999999999997
76,3,1640.21
3,4,575.63
36,1,436.06
216,1,90.12
59,1,428.93
277,1,217.2
23,1,279.77
28,1,468.91
11,4,722.74
351,1,134.55
21,3,1310.69
49,2,173.16
18,1,186.01
2,3,758.29
103,5,1375.71
6,12,4111.27
11,4,650.4300000000001
4,7,2533.42
31,2,583.24
177,4,675.64
37,1,921.37
150,3,258.88
161,1,127.1
68,2,327.6
155,10,717.4300000000001
24,3,682.9100000000001
23,4,712.36
176,1,455.3
49,4,913.6800000000001
255,3,456.58
46,1,388.58
70,1,199.8
15,5,1767.53
100,5,1356.34
34,1,315.71999999999997
52,1,238.18
26,2,761.74
7,9,1102.3700000000001
78,1,48.480000000000004
51,1,216.39
35,5,1198.23
60,9,2668.61
336,1,104.76
27,4,1093.68
183,1,270.03000000000003
51,1,112.46000000000001
9,11,1547.39
35,2,195.15
32,4,747.03
10,1,336.40000000000003
56,3,1523.08
3,4,1246.97
42,9,3248.33
140,1,301.03
116,4,588.13
103,4,1519.56
74,2,675.8
4,9,2865.64
44,2,1180.4
15,8,3148.31
16,1,243.55
89,2,724.76
52,1,223.36
133,1,425.32
104,4,1887.2
191,3,655.7
165,4,803.54
18,1,611.59
157,3,425.14000000000004
203,2,584.75
335,2,816.0
36,3,646.3
90,1,337.74
92,2,877.4399999999999
8,2,922.53
242,1,511.32
44,4,748.5
22,1,30.0
189,5,958.9
43,1,306.45
24,9,1552.51
316,2,309.8
105,1,138.14
50,1,386.43
167,2,2222.21
39,1,301.32
217,1,76.32000000000001
39,4,677.69
296,1,173.05
18,7,2643.9900000000002
87,4,2726.23
72,4,1744.02
80,3,323.69
18,3,3324.09
48,1,657.23
52,1,352.7
23,4,781.28
8,3,1333.68
24,5,946.36
116,1,193.75
8,9,2981.5
119,2,254.1
3,2,239.76
251,1,136.8
27,1,191.04
266,2,409.98
32,8,2619.11
17,1,309.65
171,2,664.03
1,4,1529.0
264,1,211.5
139,4,2293.62
200,1,143.1
63,4,1001.81
34,4,916.98
40,7,3209.05
283,1,133.25
8,5,1072.3600000000001
142,2,346.75
11,2,330.03000000000003
145,4,1101.1100000000001
233,1,150.3
32,13,5026.77
23,1,598.73
11,1,471.40000000000003
35,5,2205.31
364,1,190.7
200,2,212.3
14,1,415.25
16,7,5159.06
212,1,62.0
65,3,1108.38
211,2,294.12
282,1,162.3
114,2,1339.45
14,8,1121.21
65,1,449.12
48,1,154.88
15,4,775.96
77,1,34.8
18,4,1071.24
133,1,182.96
12,3,946.64
39,1,144.36
2,8,2457.2
39,7,2618.15
304,1,79.2
50,3,455.67
9,6,2318.88
60,4,528.01
65,2,714.42
24,1,205.25
217,3,253.04
64,2,583.75
31,2,1048.67
87,6,3248.82
63,1,315.06
115,3,621.8299999999999
5,1,635.6800000000001
68,1,270.8
244,1,104.9
132,1,241.62
240,4,1021.61
183,3,475.28000000000003
24,3,333.56
9,3,2593.94
10,1,246.3
32,5,2303.75
45,3,4821.0
25,3,933.26
357,1,351.3
9,1,218.75
43,2,1604.44
14,3,948.96
149,1,610.01
0,8,2704.6600000000003
112,3,2192.4
75,3,884.14
106,2,696.89
45,3,1042.19
50,1,415.82000000000005
0,13,3848.55
45,3,784.58
49,3,903.9
305,4,3648.7200000000003
35,5,399.21
78,4,1212.52
21,6,2171.32
106,5,1801.14
207,2,1303.9099999999999
16,4,1919.23
63,5,2100.6
48,4,1905.45
319,1,206.98
43,2,570.96
2,2,885.47
171,1,532.94
55,3,1649.3600000000001
98,2,636.14
37,1,547.7
57,3,794.64
253,1,836.79
69,4,2097.65
43,4,954.09
49,1,117.47
64,1,391.98
32,3,1026.69
58,2,345.65999999999997
72,4,1209.1
303,1,118.95000000000002
45,1,130.73999999999998
17,8,3650.87
37,2,389.27
18,2,234.88
186,2,160.71
51,1,110.8
3,12,2969.12
136,5,712.24
18,1,297.0
15,5,1427.57
40,8,965.16
11,8,2981.92
7,4,832.88
25,2,68.84
21,6,1769.7800000000002
40,3,895.13
100,1,211.89
276,2,149.64
32,1,351.44
14,2,316.25
63,7,4399.9800000000005
1,2,437.83
368,1,299.03000000000003
311,5,438.24
198,4,493.08000000000004
1,2,396.48
92,1,349.35
59,1,181.09
80,1,135.6
156,2,400.77
226,1,509.13
252,2,257.6
149,1,179.17
193,2,208.59
0,5,1379.63
368,1,56.25
23,1,337.28
16,3,349.75
9,7,5126.34
7,1,164.68
19,7,1567.69
3,3,881.87
173,1,191.94
0,8,1228.88
177,2,264.62
15,8,1484.31
247,1,123.1
190,2,334.23
19,2,525.69
153,3,163.55
172,1,323.03000000000003
372,1,363.6
372,1,127.08
193,1,207.15
66,1,426.63
3,8,2461.85
20,3,1107.46
238,1,108.03999999999999
63,1,145.35
111,5,404.58
310,1,35.8
133,1,337.44
276,1,325.1
364,1,181.0
82,1,1708.24
7,2,955.24
16,2,364.72
31,4,1684.46
8,2,669.57
33,4,781.91
14,8,1651.33
31,1,428.89
73,1,104.35
19,2,470.76
16,4,808.87
22,2,397.68
2,3,582.9
303,1,314.1
17,12,4194.9
366,1,296.87
38,7,3429.55
83,1,371.01
164,2,427.64
16,2,1054.73
76,1,1098.78
88,3,2398.86
24,8,3408.48
21,4,1465.12
2,10,2759.93
122,2,1037.42
29,1,168.12
11,7,1432.77
18,1,156.78
43,2,792.11
3,1,41.989999999999995
8,7,2731.17
54,1,414.27
87,6,1016.6800000000001
36,5,3080.22
29,5,2735.37
11,4,578.71
210,1,101.4
47,4,1693.81
23,3,478.78
21,4,972.11
245,3,392.4
34,3,1415.29
37,3,637.58
3,3,689.41
2,8,1440.06
46,1,211.88
38,2,408.90000000000003
46,9,3450.2400000000002
16,3,851.01
259,1,602.63
45,3,719.81
11,1,245.75
29,1,439.65999999999997
42,1,236.09
91,6,934.62
309,1,331.24
91,2,547.9
195,3,437.7
86,2,758.92
269,3,855.02
7,3,454.33
64,3,1313.55
30,3,3166.4
21,5,1177.47
37,4,773.99
119,4,1340.7
372,2,256.44
39,3,1074.81
173,1,137.9
53,1,362.06
32,2,1511.95
144,1,783.9
220,1,134.8
44,1,650.75
15,7,2140.2200000000003
65,6,1453.16
9,4,1153.62
259,1,335.32
364,1,367.14
16,5,1521.04
21,2,852.15
44,1,326.24
287,1,584.3199999999999
296,1,94.35
2,10,2173.53
283,1,79.2
16,3,1352.0
81,2,176.6
55,5,2799.42
100,2,1317.62
298,1,436.18
22,5,981.51
58,5,1119.31
154,2,315.06
114,3,779.36
106,1,17.0
11,4,1066.53
263,1,320.62
239,1,185.04999999999998
87,7,2005.63
49,3,731.9
70,1,1245.96
41,3,1842.14
6,6,1429.64
61,1,298.21
248,1,336.96
65,1,108.38
17,7,3204.1600000000003
84,1,816.1
218,2,611.88
44,3,1320.95
142,4,195.73999999999998
182,1,161.38
170,1,135.75000000000003
9,8,1660.8799999999999
211,1,592.88
189,1,232.21
7,2,423.36
58,4,1294.14
56,2,854.66
72,4,684.4200000000001
51,1,307.78
316,1,187.15
366,1,289.35
38,1,656.25
17,5,1880.22
51,6,3506.54
21,2,603.6899999999999
262,1,517.55
59,3,709.38
18,3,635.41
65,2,708.18
87,1,620.4
249,1,535.34
2,6,2419.84
246,1,175.2
8,11,3737.73
156,3,734.13
133,1,375.0
295,1,76.32000000000001
4,2,280.52
42,5,1906.07
268,1,1829.04
49,5,1824.23
8,9,3002.2400000000002
15,3,644.24
281,1,348.2
64,2,1011.13
251,1,37.4
231,2,441.6
16,3,802.53
7,4,1822.97
50,6,1880.4199999999998
58,1,73.2
94,5,1140.21
15,6,1406.57
125,3,1009.5500000000001
93,4,1037.59
49,1,331.95
137,1,197.9
60,1,215.83
72,1,305.54
66,1,338.71000000000004
63,6,1155.54
16,2,529.41
22,12,3991.94
44,4,981.86
15,2,215.48
39,1,215.08
2,13,4935.42
236,1,314.45
74,1,400.68
3,2,1068.8700000000001
2,4,1821.52
360,1,365.27
58,4,589.15
22,1,384.18
30,4,751.03
54,4,537.0600000000001
24,1,394.38
44,2,664.26
88,5,2262.62
88,1,542.77
18,2,681.19
78,1,159.0
170,3,1062.75
80,1,242.35
266,1,914.9300000000001
234,2,266.45000000000005
29,7,3054.87
36,3,860.86
317,1,773.5500000000001
56,4,1295.3
44,5,1096.32
202,3,255.12
224,1,308.32000000000005
86,2,1010.6
189,2,542.03
43,4,983.23
70,3,454.98
40,4,848.41
77,1,432.2
56,2,372.9
23,2,3699.98
9,13,2590.31
7,7,3574.91
33,2,409.1
211,2,1522.75
23,3,1352.3600000000001
169,1,114.56
61,1,152.94
52,5,1800.07
260,2,389.44
66,2,3683.86
16,8,2609.3
266,1,732.63
176,1,21.95
44,5,5203.51
50,1,1035.45
16,4,728.54
8,9,5323.15
73,7,861.89
70,2,617.65
352,1,1141.24
15,4,1389.64
116,1,411.7
372,1,331.55
196,1,559.87
176,1,810.6000000000001
99,1,537.83
20,3,1502.78
71,1,2062.06
339,1,168.3
5,5,1529.81
30,2,812.68
169,1,142.5
121,1,280.9
21,10,2236.7400000000002
9,4,1328.55
268,1,278.55
22,3,598.2
126,1,212.82
25,3,5305.83
138,1,361.21999999999997
213,6,607.37
37,4,2560.0
105,2,686.67
17,2,616.26
2,2,274.15000000000003
330,1,226.37
63,8,2786.16
119,3,1341.65
34,1,328.15
217,1,404.40000000000003
171,2,1038.46
71,5,230.7
0,2,326.75
195,1,207.50000000000003
127,3,408.59000000000003
46,3,510.54
13,6,3789.67
17,3,242.21
27,7,1572.8
36,1,151.05
156,1,214.79999999999998
283,1,94.05
106,1,534.31
24,4,1959.38
74,4,322.41
15,2,328.58
157,1,101.10000000000001
43,1,565.46
10,2,847.45
31,7,1413.31
290,1,53.5
20,4,1116.47
332,1,153.9
17,2,494.44
62,2,395.8
197,3,210.32000000000002
32,3,658.88
0,4,2024.95
6,9,1460.3700000000001
4,6,3344.41
9,4,891.21
31,5,663.44
52,1,109.36000000000001
11,2,705.79
17,9,1540.42
18,1,327.3
36,2,800.67
1,2,479.91
17,3,1543.33
81,4,1301.91
32,2,355.73
65,2,458.78000000000003
8,2,969.22
266,1,676.2
246,3,362.95
3,4,2131.9
60,1,1743.1499999999999
74,2,643.76
89,2,584.5
59,3,554.86
28,2,302.57
322,1,94.36
52,4,1362.27
269,1,217.89
1,13,2969.25
56,5,1475.8999999999999
60,5,1482.06
153,2,1632.06
18,2,406.21999999999997
94,1,303.93
0,12,4076.98
264,2,293.45
311,1,161.05
69,1,443.05
301,2,167.25
18,1,154.35
12,10,2079.68
35,5,2022.98
18,2,211.7
53,1,135.99
56,1,262.2
21,2,126.25
43,1,200.27
26,3,1031.4
44,3,631.12
112,6,945.96
24,1,346.12
190,1,133.56
301,1,302.7
1,10,1863.76
262,2,241.06
105,1,284.55
56,1,300.85
212,3,623.28
63,1,287.4
27,1,184.26
28,7,1511.8
5,5,798.35
7,5,3640.67
66,2,381.2
1,3,609.3
45,4,654.67
33,1,230.51
0,2,2.9
135,1,255.91
197,1,182.99
197,2,674.69
149,1,311.92
87,1,266.97
63,1,5.9
63,7,1841.18
98,5,2158.18
217,1,208.36
27,3,811.23
177,1,142.92
73,3,102.0
20,4,1403.7
19,3,1298.66
33,7,1595.96
73,1,74.9
23,4,625.42
51,4,752.77
274,1,223.95000000000002
164,3,314.86
6,7,1750.46
87,4,544.3
63,7,2494.46
24,3,331.0
9,2,300.83
75,1,769.29
15,1,220.62
191,1,139.35
173,2,379.40000000000003
76,1,363.65
32,3,492.2
46,1,731.5
79,4,1329.66
296,1,826.53
2,3,648.26
8,3,1562.22
49,6,2965.69
160,2,86.12
359,2,339.95
4,6,400.86
106,4,1421.43
24,1,465.88
31,1,777.6
19,2,90.30000000000001
296,1,363.7
371,1,248.1
21,3,916.33
4,4,874.59
51,5,1624.14
29,1,101.69999999999999
276,1,162.7
60,2,480.92
24,2,212.98
185,3,1036.6200000000001
171,1,290.36
80,1,228.06
3,1,244.41
189,1,455.25
21,7,1244.59
18,3,1014.19
4,1,593.75
109,1,538.17
2,4,1388.81
53,1,119.62
164,1,339.3
290,2,787.15
9,10,4034.9
108,5,2279.87
95,3,922.12
242,2,379.73
41,3,648.35
34,2,285.89
66,7,3313.79
23,2,281.85
26,2,816.51
5,2,511.12
53,1,1077.74
363,1,173.7
14,5,614.01
193,2,865.6
2,1,124.2
14,10,3668.1
26,3,1285.22
126,3,999.7
84,2,648.41
70,1,451.44
182,1,70.44
112,1,313.62
373,1,233.45
79,2,908.03
248,1,463.95
231,1,225.15
70,3,459.24
68,1,213.5
50,3,330.03
74,1,181.09
60,1,360.16
15,2,250.15
3,1,90.04
285,1,140.7
3,6,813.52
40,1,241.53
35,1,497.37
74,2,482.47
14,7,5450.96
218,1,75.66
185,1,129.49
32,4,1187.66
69,1,618.59
182,1,506.19
14,2,500.42
235,1,151.85
30,5,2630.64
263,1,204.41
3,2,178.96
51,4,813.48
245,1,129.45
80,2,810.5699999999999
274,1,333.08
78,1,322.8
29,5,2183.04
73,2,408.63
16,6,2878.15
222,2,217.9
31,4,1124.59
22,10,1676.47
30,3,1169.38
105,1,231.10000000000002
4,2,679.83
245,1,487.51
177,2,833.78
169,2,214.06
42,1,270.86
71,1,518.42
15,2,1166.92
140,4,594.97
17,6,3789.52
9,4,874.43
367,1,123.24
188,1,39.12
15,4,810.45
361,1,135.39999999999998
18,1,118.98
67,2,567.1800000000001
14,6,306.71999999999997
23,2,1344.48
16,11,4022.46
27,3,1692.27
54,2,304.24
33,4,1558.72
2,12,3064.24
365,1,129.75
42,1,183.7
72,6,1770.34
4,5,1028.0
60,2,324.24
46,7,2955.38
0,4,1260.86
75,2,355.09999999999997
71,2,208.63
255,2,1126.0
68,2,477.86
134,4,657.9000000000001
240,1,112.75
226,2,1998.0
8,13,5051.35
8,13,5150.2699999999995
36,3,531.35
45,1,656.63
84,5,3029.87
18,10,2467.99
2,5,1651.03
8,11,3603.66
316,2,864.06
77,1,301.71999999999997
266,2,319.8
23,6,3273.26
368,1,606.0500000000001
14,7,1757.47
25,1,152.95
261,1,292.47
16,13,4711.21
90,2,576.4
301,6,750.87
25,5,1358.74
363,1,256.32
45,4,1048.28
51,3,702.79
31,1,603.75
51,3,646.76
78,5,2216.06
52,1,417.59999999999997
297,1,3.75
176,1,312.54999999999995
28,7,2166.88
10,7,1291.91
37,2,826.96
17,5,1515.9
44,5,623.93
30,1,1764.72
372,1,207.5
57,1,223.92000000000002
371,1,2002.4
113,3,1465.78
214,1,239.4
318,1,106.83000000000001
64,1,369.34000000000003
7,3,772.84
96,1,316.62
19,3,1207.24
198,1,594.9
3,13,2749.9500000000003
293,1,34.0
272,2,1145.6
30,11,5575.56
47,3,458.04
259,1,361.54
57,5,731.9
32,5,2230.61
56,1,171.59
67,4,654.92
9,11,1691.51
59,1,371.54
79,2,222.62
73,2,245.94
99,2,422.24
371,1,294.65
9,13,2236.25
19,1,107.6
122,2,592.74
7,1,80.8
3,6,1532.8700000000001
28,7,1677.53
281,2,110.38000000000001
56,1,243.84
0,10,1173.28
364,1,414.88
88,1,305.62
10,1,1162.65
162,4,842.33
64,1,332.3
22,3,536.99
173,2,460.59
102,4,736.21
142,3,1121.59
98,2,288.42
22,5,914.69
191,1,309.54
4,2,547.07
360,1,479.35
7,10,1652.18
102,4,417.06
2,9,1496.25
10,11,3317.97
95,1,497.61
226,1,358.38
15,2,460.64
38,2,775.1800000000001
50,1,341.7
111,1,113.5
156,1,197.22
38,1,325.91
183,3,199.15
0,4,1106.53
227,1,413.46
127,2,180.85
39,2,251.87
30,11,3167.73
196,2,582.9
36,6,1774.62
100,3,1260.44
49,1,214.32
42,1,193.44
52,1,281.42
186,1,124.57
333,1,332.41
3,3,342.45
9,2,144.91000000000003
23,2,328.4
14,1,35.400000000000006
368,1,345.89
144,2,477.39
59,2,173.76
30,2,481.35
140,3,207.73999999999998
22,4,797.3199999999999
21,6,2761.4900000000002
76,3,680.02
66,5,2024.31
11,6,846.62
83,1,0.0
30,7,1491.43
66,1,432.0
66,3,705.12
186,2,272.48
37,2,429.84000000000003
14,3,450.41
34,1,192.32999999999998
194,3,1578.67
1,5,742.43
0,5,505.44
366,1,145.93
64,1,202.27
298,2,213.03
25,3,501.03
7,6,1271.06
16,3,869.2
115,1,1706.88
28,1,363.2
4,7,3020.65
81,4,559.59
28,5,928.76
71,1,364.14
3,8,1508.96
28,11,2515.93
289,1,113.44
35,1,183.76
8,6,621.6800000000001
23,2,562.41
276,1,391.52
49,6,1045.42
155,11,2592.25
60,1,154.18
20,3,722.64
370,1,230.25
115,3,543.05
3,7,1295.39
25,3,378.89
52,1,150.23000000000002
0,2,550.33
54,2,931.03
25,1,261.9
8,4,1878.43
51,3,3049.88
12,9,1878.51
211,3,816.73
235,1,406.48
138,3,435.02
3,6,1161.27
56,3,1178.56
134,3,1262.75
108,2,167.61
29,1,20.8
0,9,2085.08
184,4,493.67
17,1,292.34
238,2,416.64
86,1,117.35000000000001
38,3,505.1
115,1,234.17
186,1,110.55000000000001
226,1,192.07
7,7,2151.72
188,1,319.02
3,2,439.43
38,3,650.41
37,1,357.21
266,1,251.51999999999998
77,1,344.33
3,6,1809.05
254,2,1028.46
60,1,384.06
12,7,1894.82
87,2,4370.59
16,10,5461.62
29,2,1873.2
2,7,1616.8
4,1,126.12
6,6,1133.25
218,1,179.0
10,5,1614.31
29,6,1436.3100000000002
287,3,702.0
149,4,287.5
22,2,484.82
0,11,3989.57
85,3,1487.78
45,2,1312.1399999999999
4,4,781.78
50,6,877.4300000000001
17,1,185.46
29,1,270.9
7,3,562.6800000000001
28,3,1838.6100000000001
40,2,920.1
10,4,1258.08
30,1,71.0
44,3,95.85
60,3,357.77
184,2,154.82999999999998
78,6,835.86
110,2,716.0
63,1,146.87
11,2,380.35
85,3,1030.14
15,3,734.5699999999999
245,2,388.33
87,1,1253.22
29,1,112.4
137,1,449.73
26,3,1055.69
2,5,1036.58
31,4,1735.18
24,1,932.53
112,3,339.44
156,1,642.02
84,3,1100.9
117,3,864.32
2,9,5589.83
95,6,3185.64
193,1,240.89000000000001
27,1,399.09
130,1,496.38
27,5,1353.83
81,3,1179.89
29,5,3080.39
265,1,234.24
73,11,5116.13
313,4,528.29
20,7,1421.79
58,3,855.45
27,9,2659.87
113,1,304.24
27,9,2390.43
17,4,1444.84
17,4,813.77
35,3,841.0799999999999
35,2,375.86
77,1,118.80000000000001
21,2,285.5
24,2,288.91
32,2,2003.85
108,3,1405.78
34,2,2747.9900000000002
122,5,1552.45
6,6,2050.08
27,4,1991.01
3,7,1972.55
2,9,3802.81
49,4,1774.03
321,1,270.2
22,3,1296.36
14,4,992.6800000000001
1,8,937.92
17,2,971.74
9,4,1621.73
261,1,25.5
158,2,665.78
28,6,873.61
164,1,163.29999999999998
46,1,231.61
5,8,739.72
7,3,806.9000000000001
287,1,116.19999999999999
317,1,157.02
2,2,593.61
232,1,307.46
118,1,138.32
161,1,345.29999999999995
184,1,294.24
49,1,230.5
151,5,989.45
334,1,157.09
4,5,2463.17
15,7,4892.240000000001
106,2,413.2
15,7,1139.73
275,1,380.5
246,1,454.12
238,1,579.0
0,2,984.57
105,3,749.78
22,4,1698.09
51,1,124.88
194,3,1503.5
23,1,213.78
74,1,329.34
17,2,251.70000000000002
7,2,306.55
31,3,1266.97
21,3,1534.73
30,6,3518.03
28,10,1707.21
21,2,293.1
32,7,2466.4
283,1,158.68
38,2,189.49
57,2,816.88
288,1,224.91
78,1,317.76
4,8,3755.65
217,1,59.9
43,4,1430.94
201,1,306.13
177,3,711.79
55,4,769.77
56,2,239.92000000000002
7,6,3286.9100000000003
46,2,144.0
226,1,203.95
10,7,2295.73
105,2,383.75
58,2,249.74
27,7,2093.68
35,7,1674.46
360,1,226.78
29,1,1013.01
23,3,692.22
53,1,289.78
35,6,3560.08
174,4,1412.41
53,1,384.08
52,1,204.24
26,8,2299.67
252,1,226.85
39,7,2741.08
59,6,974.12
233,1,113.5
3,10,1951.97
31,1,114.23
6,2,334.48
64,1,328.65
309,2,381.89
308,1,393.49
18,6,939.32
15,8,1906.09
95,2,318.76
263,8,3470.22
11,10,3093.92
2,2,417.77
34,1,190.88
182,1,149.89000000000001
24,2,550.06
12,6,916.13
10,2,314.69
312,1,382.5
107,2,1135.04
52,1,954.9
204,1,171.45
14,1,280.09000000000003
119,1,318.65
3,2,381.97
362,1,269.83
116,2,348.91
17,1,178.26
4,2,271.19
40,2,291.48
106,2,240.0
147,2,581.23
51,5,1253.3600000000001
207,1,63.440000000000005
138,2,550.01
1,3,296.58
126,2,317.2
107,4,763.64
41,4,2144.53
34,1,107.82
227,2,1065.3500000000001
240,1,246.04
57,1,187.82999999999998
129,3,1685.46
59,6,1636.58
21,1,151.37
25,7,1049.06
8,7,1417.63
31,3,922.77
3,2,513.01
307,1,550.8000000000001
7,9,1854.06
28,3,547.0
16,1,128.18
100,2,498.42
11,4,656.61
20,1,163.24
14,5,1119.93
360,1,250.04
94,1,82.75
77,2,1384.85
138,3,644.3
30,1,2291.81
24,8,2514.76
45,3,2562.18
99,3,1200.6200000000001
7,2,657.16
14,7,891.04
17,4,986.48
279,1,96.8
13,2,523.11
22,2,363.9
123,1,175.2
85,1,494.25
301,2,306.6
150,4,1931.46
93,2,243.36
156,3,682.29
354,1,193.64
45,1,157.62
14,4,519.6899999999999
85,1,228.96
14,5,1156.6
178,1,98.25
7,4,1251.44
35,3,587.15
128,2,1740.0
50,1,1393.06
311,1,178.22
23,2,384.39
302,2,360.81
10,1,127.86
16,3,568.24
48,3,488.2
238,2,312.23
0,11,4437.23
12,8,4762.32
237,1,167.55
22,8,1315.72
72,4,446.18
16,3,418.4
40,8,1337.18
39,4,646.92
218,2,495.77
198,3,400.1
70,2,203.2
10,1,389.71999999999997
64,1,65.4
3,1,193.39000000000001
18,2,336.4
14,1,256.11
7,6,2686.42
19,2,746.81
77,4,1259.56
163,2,508.8
306,2,411.27
218,1,203.86999999999998
21,2,681.41
114,3,653.38
125,5,2097.84
4,12,2598.85
35,1,263.92
0,3,997.45
332,3,1883.22
162,1,32.65
184,2,771.85
15,5,1214.72
11,3,778.94
2,7,1258.06
43,2,778.0
79,1,507.84
41,2,463.46000000000004
10,12,4200.97
49,3,598.83
15,6,1853.13
45,2,663.63
18,2,759.17
7,6,5022.26
71,1,100.8
127,3,512.12
32,2,265.76
312,1,403.3
17,2,365.76
87,1,303.15999999999997
1,7,2333.42
1,2,216.29999999999998
253,1,378.3
156,3,177.1
36,6,2227.2599999999998
219,1,534.24
151,2,2389.1
176,2,120.9
39,2,541.53
1,7,2500.21
0,7,1648.95
17,2,486.71999999999997
191,4,517.53
203,1,131.7
364,1,249.86
126,5,1737.7
14,1,316.5
42,2,657.3
93,6,452.63
22,3,735.82
59,2,662.94
15,5,1860.81
157,1,289.96000000000004
9,2,763.28
9,2,137.0
15,5,1843.06
44,5,1125.07
190,3,697.54
78,1,194.37
77,1,506.32
3,4,1249.34
64,3,414.04
260,1,396.87
58,2,376.64
0,7,1996.47
0,10,3541.92
247,1,374.57
7,2,497.56
358,1,271.05
75,1,272.22
289,1,622.88
16,3,1138.0
220,2,288.6
8,4,689.1
2,2,558.96
205,9,2745.2799999999997
161,2,1145.84
75,1,294.29
261,2,605.58
280,1,387.31
24,1,308.48
28,10,2920.04
71,1,513.2
127,1,208.65
30,4,639.02
14,5,764.88
308,1,153.94
16,6,1839.07
53,1,546.81
29,3,721.9599999999999
1,5,1066.15
10,4,652.74
360,1,145.0
359,1,422.70000000000005
4,4,706.7
53,4,888.86
0,8,3539.5
0,10,2362.53
189,1,296.7
53,1,223.36
279,1,164.4
176,1,76.5
29,2,887.67
25,1,98.42
24,2,570.4
269,1,170.75
42,3,642.32
233,1,0.0
23,2,148.86
196,3,267.16
358,1,290.34
59,4,930.41
129,1,1487.6
0,5,1952.45
19,2,480.31
205,1,157.9
13,3,541.46
94,4,854.95
18,1,165.12
13,7,1107.38
23,3,454.01
7,2,869.77
6,8,4066.17
331,1,344.14
49,4,1424.42
70,4,226.75000000000003
28,3,362.9
242,1,185.65
217,1,124.74
4,3,440.2
252,3,212.77
235,1,175.27
6,2,1227.3
108,4,1116.68
99,3,1240.2
59,4,2402.92
1,3,1466.77
72,7,2192.7200000000003
3,5,3908.08
84,2,993.18
11,2,386.69
22,7,2806.69
213,1,2044.3700000000001
17,1,161.67000000000002
238,1,116.00999999999999
1,6,5002.22
77,1,390.97
216,2,309.36
32,2,191.99
40,5,1091.78
52,6,2000.32
56,1,386.32
129,3,329.6
173,3,571.1999999999999
5,3,930.28
311,1,214.37
59,1,81.44
20,3,1379.9
32,1,527.0500000000001
14,2,843.48
17,4,2020.4
80,1,75.75
5,8,1784.12
169,2,503.59999999999997
1,3,528.33
30,4,1309.84
35,9,2358.59
18,1,265.93
30,2,547.0600000000001
275,1,108.5
86,1,621.66
119,2,712.29
372,1,101.55
0,11,2811.64
218,3,994.39
64,1,133.06
60,4,1789.55
137,1,861.74
20,1,166.08
11,10,3888.17
24,12,4737.13
36,4,1175.88
276,1,117.55
10,7,2571.7400000000002
72,5,1674.69
25,2,485.88
16,12,2954.75
140,1,178.75
25,7,1788.27
18,2,604.64
3,2,728.16
65,5,2055.51
0,2,347.75
42,7,3406.7200000000003
227,1,205.7
15,4,1286.08
49,2,3106.62
1,6,1588.07
73,2,551.04
3,6,1371.18
263,1,298.11
52,2,1992.1100000000001
23,1,184.4
9,6,2459.33
43,1,239.41
16,7,3155.83
357,2,290.40000000000003
126,4,718.0799999999999
136,1,187.01999999999998
141,1,283.12
131,2,765.34
37,8,2221.9
235,1,338.95
260,1,154.95
16,4,2518.7400000000002
252,1,417.95
29,4,1807.87
34,3,798.74
168,2,885.19
2,9,1781.12
184,2,152.4
187,2,263.33
169,1,137.45
10,2,385.1
44,1,522.91
320,1,153.0
200,1,326.4
22,11,5550.79
231,1,139.35
25,4,1195.94
95,4,2410.64
126,6,3276.4000000000005
70,3,995.6500000000001
15,11,3371.13
14,1,1042.55
3,3,2860.71
2,13,5288.83
78,4,929.2
372,1,303.97
38,2,692.19
53,3,700.63
8,3,337.49
8,2,168.24
18,4,1863.35
11,7,2786.05
112,2,355.11
3,6,2322.4
239,1,98.8
112,1,65.45
177,2,674.52
4,9,1694.16
358,1,80.64
0,5,1664.65
18,8,3408.2000000000003
16,3,818.71
21,2,287.59
32,1,712.78
262,1,15.0
50,2,772.55
158,3,367.63
14,1,271.2
7,3,2081.9
12,10,3920.08
198,5,1143.27
56,2,245.33
10,2,173.45
96,4,1213.73
254,1,56.4
24,3,647.56
20,3,633.92
158,2,188.02
71,2,283.47
52,1,131.94
84,2,266.85
152,4,1817.54
73,2,1112.95
280,1,225.9
29,1,106.1
24,1,300.34
179,2,342.83
39,4,690.0
21,3,780.43
21,10,3009.32
36,9,1186.21
81,3,1285.04
73,1,512.31
10,1,546.04
15,12,5352.66
12,4,699.81
13,5,1641.79
36,4,36.56
3,3,387.68
71,7,3661.0699999999997
50,1,298.4
4,5,1987.33
22,4,1105.78
298,1,889.24
1,3,398.7
32,1,35.400000000000006
49,1,155.37
2,3,342.24
46,1,109.83
41,8,1502.48
26,5,2267.4
41,1,318.15
302,1,197.73
106,1,51.559999999999995
80,9,901.1999999999999
217,4,605.8000000000001
11,2,114.34
184,2,311.26
372,1,208.97
1,4,1393.79
5,12,5140.66
304,1,141.92000000000002
368,1,226.45000000000002
2,8,2056.2799999999997
323,1,330.9
58,6,3160.0
12,3,554.85
142,1,325.7
29,6,583.52
106,5,428.18
1,12,1860.94
204,1,155.9
79,5,1675.18
184,6,658.26
169,1,237.61
43,1,379.45
173,1,178.51999999999998
364,1,458.92
303,1,133.35000000000002
2,4,664.34
3,4,695.0699999999999
11,1,156.34
31,3,869.28
128,1,111.35
20,8,515.73
211,2,201.37
322,2,586.89
161,1,203.85999999999999
55,3,244.1
224,1,107.21
71,8,1118.54
43,1,95.45
22,1,256.32
172,3,516.3100000000001
84,2,152.06
158,1,154.55
189,2,30.0
28,1,110.38
20,1,168.32
70,4,798.99
246,1,72.9
373,1,232.03
8,1,366.23
309,5,294.65999999999997
58,2,408.65
3,1,329.36
44,3,335.03
87,1,1304.04
63,4,820.23
281,1,207.50000000000003
11,7,2914.7400000000002
372,1,244.08
132,2,397.29
44,2,184.46
10,4,834.5
35,5,1740.48
133,2,408.36
28,3,1331.57
51,2,704.25
137,2,142.89
4,1,380.13
8,7,4301.22
159,1,99.14
48,9,2152.1800000000003
130,1,304.56
7,1,77.50000000000001
232,2,149.57999999999998
36,1,176.68
146,1,358.56000000000006
71,3,472.12
39,3,990.8400000000001
4,12,2291.68
198,4,557.3
248,1,12.75
65,1,110.72
116,1,508.4599999999999
170,1,73.78
141,1,102.41
31,2,463.21
37,5,1098.43
371,1,112.27
373,1,265.1
165,2,228.2
210,1,562.79
241,1,135.19
51,1,337.04
24,3,703.99
14,13,4384.76
371,1,321.79
28,1,288.14
364,1,300.91999999999996
35,4,709.11
165,3,811.45
144,1,152.68
21,1,631.35
55,1,20.8
184,1,198.57
11,7,191.17000000000002
236,3,630.84
224,2,93.35
121,4,626.09
281,1,76.1
73,8,1667.52
36,2,380.39
11,2,415.13
361,1,157.92
3,2,226.47
22,1,444.68
69,9,2116.19
234,1,242.29
256,1,174.8
372,1,102.78999999999999
154,2,187.29
27,1,154.27
3,1,120.03
31,5,1477.66
80,3,523.0
107,2,122.14
51,1,38.45
35,1,612.72
152,2,236.77999999999997
98,1,115.31
3,2,220.7
333,1,73.5
64,1,93.82000000000001
21,2,418.68
35,3,713.89
31,3,403.12
153,6,70.02
18,2,357.20000000000005
53,1,165.04999999999998
24,3,529.29
3,10,2085.65
44,1,178.34
202,2,172.29000000000002
358,1,74.4
70,1,297.07
287,1,363.65
9,1,170.16
22,3,296.71
21,10,2119.41
172,3,720.52
132,2,814.0
74,1,318.0
39,1,396.33
288,1,101.69999999999999
25,5,1999.34
257,2,453.0
185,1,20.04
113,12,3846.7400000000002
373,1,489.6
22,10,2538.7200000000003
7,11,2584.41
216,2,336.13
44,4,3613.15
18,2,1231.5
35,3,343.45
25,1,680.84
15,1,90.47999999999999
329,2,689.95
273,1,101.34
290,1,3202.9199999999996
60,1,166.03
92,4,2083.42
81,7,3017.3
312,2,580.0500000000001
11,3,849.06
7,6,2662.4
126,1,168.31
10,2,222.4
36,1,754.64
37,1,113.48000000000002
329,1,421.9
253,1,264.65
19,1,168.55
11,2,352.69
368,1,76.32000000000001
289,1,220.1
67,8,1399.51
25,1,314.4
367,1,180.7
213,1,111.15
148,2,653.3
7,6,1791.84
23,2,574.4399999999999
29,4,1130.1
60,1,198.58
18,3,347.08
242,1,112.55000000000001
14,3,1045.74
211,1,931.4999999999999
28,5,681.9100000000001
62,3,761.83
294,1,152.65
156,2,1014.9
116,2,1000.16
7,12,2888.75
12,4,2861.55
140,2,160.35000000000002
45,2,179.33999999999997
50,3,612.0799999999999
31,3,566.58
134,2,653.35
2,2,399.19
74,3,347.82
12,2,675.64
8,2,451.75
300,1,530.15
56,2,638.0600000000001
14,5,1612.79
36,1,394.7
176,1,302.46000000000004
22,3,1280.21
175,6,1150.29
60,1,202.65
32,3,980.31
58,5,1208.51
86,4,2106.84
6,1,104.0
357,1,448.65
30,6,1313.6200000000001
128,4,1573.41
8,6,1793.17
4,6,1843.75
23,1,366.85
226,2,617.27
14,1,49.8
248,1,304.25
14,3,1998.94
77,2,1084.34
191,2,274.51
261,1,207.79999999999998
71,1,957.97
164,1,233.81
81,1,896.0
94,2,686.63
105,1,150.35
199,3,1396.99
156,1,160.42000000000002
70,3,1960.95
35,2,517.36
28,1,139.10000000000002
1,6,2621.38
25,5,600.07
325,1,216.07
236,1,232.48000000000002
88,1,299.34000000000003
30,1,481.75
28,2,621.75
210,2,606.22
2,10,2019.77
226,1,298.92
21,5,1033.31
92,1,443.0
263,1,158.95000000000002
2,12,5388.66
43,11,5192.1
217,1,93.75
56,2,769.2
8,7,2797.6000000000004
191,5,2054.67
81,4,582.47
325,1,440.0
71,3,1796.48
29,6,882.24
2,5,987.1
218,5,1561.6100000000001
45,1,422.58
71,4,2232.4900000000002
6,7,2567.06
23,2,596.1
122,2,793.52
16,1,95.34
309,1,342.92
86,1,4314.72
50,2,518.27
88,1,103.3
38,8,2274.03
24,3,2338.6000000000004
172,6,2580.15
42,2,324.24
139,1,149.48
25,3,1211.08
71,2,801.51
133,1,25.5
365,1,138.9
37,2,244.9
2,6,3063.98
1,3,204.0
29,1,0.0
43,1,329.61
57,1,110.38
73,1,173.9
277,1,180.60000000000002
180,1,80.82
7,2,176.6
42,3,1837.28
